package_file,source_file,sha256_original
R/00_utils.R,00_utils(2).R,75a9aba30a68b3c515d004dbb5e6442c1ea78467a8ae8740a083c3ee91054ac3
R/01_survival.R,01_survival(1).R,7c594eee5104a4281e6a719710ff7cc53145157331d19087925558b4464cd080
R/02_cox.R,02_cox(3).R,90c648d7fce81c1e5a2bd54d99a0dc6759eecfbf17a0eff78d09774acdd0f32f
R/03_subgroup_cox.R,03_subgroup_cox(3).R,62e8d50b72ef6bf2f8d528f0ff50559bdb3c984dbb0642b7d7801948b32f087c
R/04_weighting.R,04_weighting(2).R,b47bbd6b5807ba294334cdae379f579e831f77dfabc96f50e404ba09f6ff7f8a
R/05_imputation.R,05_imputation(3).R,7606a7830d353f54b73831d5435eef87eb4afb49acdb4fb1db3cde63a0764eff
R/06_mi_iptw_cox.R,06_mi_iptw_cox(3).R,481dca5030ded4615306f3e61032d29b08db0e23c9790242084468e106ef9476
R/07_tables.R,07_tables(7).R,39088a626275c5ffb0c6e517dcca73f839ea1ca477688c69938244f1f8934139
R/08_clinical_conversion.R,08_clinical_conversion(1).R,6ccae277220be55bb8b69a6fbcb09edcfc97f05f1d6e7a46ed0d911176ce528d
R/09_themes_plots.R,09_themes_plots(3).R,b623e22e211794233a503ddab28d23d0585fde8f8b8c15ba0041d424b92181f6
R/10_compatibility_wrappers.R,10_compatibility_wrappers(2).R,db33b73992458181969d18045f7000e0f1c75a778db044e1ce349bb8a8444ca2
R/11_clinical_QC.R,11_clinical_QC.R,9ac889ed3ee155fa70a0510851c150d6b5263c2af67d170da33eed23dd125339
